fecha,evento,descripcion
476-09-04,Caída del Imperio Romano de Occidente,Fin de la antigua Roma tras la deposición de Rómulo Augústulo.
622-07-16,Hégira,"Migración de Mahoma de La Meca a Medina, inicio del calendario islámico."
1492-10-12,Descubrimiento de América,Cristóbal Colón llega al continente americano.
1517-10-31,Reforma Protestante,Martín Lutero publica sus 95 tesis contra la Iglesia católica.
1776-07-04,Independencia de Estados Unidos,Las Trece Colonias declaran su independencia del Reino Unido.
1789-07-14,Revolución Francesa,El pueblo de París toma la Bastilla.
1810-09-16,Inicio de la Independencia de México,Miguel Hidalgo da el Grito de Dolores.
1914-07-28,Inicio de la Primera Guerra Mundial,Comienza el conflicto bélico más grande de la historia moderna hasta ese momento.
1939-09-01,Inicio de la Segunda Guerra Mundial,"Alemania invade Polonia, desatando el conflicto mundial."
1945-05-08,Fin de la Segunda Guerra Mundial en Europa,Rendición de la Alemania nazi ante los Aliados.
1969-07-20,Llegada del hombre a la Luna,Neil Armstrong pisa la superficie lunar durante la misión Apolo 11.
1989-11-09,Caída del Muro de Berlín,Marca el fin simbólico de la Guerra Fría.
1991-12-26,Disolución de la Unión Soviética,Fin oficial de la URSS y de la Guerra Fría.
2001-09-11,Atentados del 11 de septiembre,Ataques terroristas contra las Torres Gemelas en Nueva York.
2020-03-11,Declaración de la pandemia de COVID-19,La OMS declara la pandemia por el coronavirus SARS-CoV-2.
